anime_id,title,title_english,title_japanese,title_synonyms,image_url,type,source,episodes,status,airing,aired_string,aired,duration,rating,score,scored_by,rank,popularity,members,favorites,background,premiered,broadcast,related,producer,licensor,studio,genre,opening_theme,ending_theme,duration_min,aired_from_year
11013,Inu x Boku SS,Inu X Boku Secret Service,妖狐×僕SS,Youko x Boku SS,https://myanimelist.cdn-dena.com/images/anime/12/35893.jpg,TV,Manga,12,Finished Airing,False,"Jan 13, 2012 to Mar 30, 2012","{'from': '2012-01-13', 'to': '2012-03-30'}",24 min. per ep.,PG-13 - Teens 13 or older,7.63,139250,1274.0,231,283882,2809,"Inu x Boku SS was licensed by Sentai Filmworks for North America, while MVM Films licensed it for the United Kingdom. During April 2013, Hanabee Entertainment released the series on DVD and Blu-ray for Australia and New Zealand.",Winter 2012,Fridays at Unknown,"{'Adaptation': [{'mal_id': 17207, 'type': 'manga', 'url': 'https://myanimelist.net/manga/17207/Inu_x_Boku_SS', 'title': 'Inu x Boku SS'}], 'Sequel': [{'mal_id': 13403, 'type': 'anime', 'url': 'https://myanimelist.net/anime/13403/Inu_x_Boku_SS_Special', 'title': 'Inu x Boku SS Special'}]}","Aniplex, Square Enix, Mainichi Broadcasting System, Movic, Inu x Boku SS Production Partners",Sentai Filmworks,David Production,"Comedy, Supernatural, Romance, Shounen","['""Nirvana"" by MUCC']","['#1: ""Nirvana"" by MUCC (eps 1, 11-12)', '#2: ""Rakuen no Photograph (楽園のPhotograph)"" by Soushi Miketsukami (Yuichi Nakamura) (eps 2, 9)', '#3: ""Kimi wa (君は)"" by Ririchiyo Shirakiin (Rina Hidaka) (eps 3, 8)', '#4: ""one way"" by Banri Watanuki (Takuya Eguchi) & Zange Natsume (Mamoru Miyano) (ep 4)', '#5: ""SM Hantei Forum (SM判定フォーラム)"" by Kagerou Shoukiin (Tomokazu Sugita) (ep 5, 10)', '#6: ""sweets parade"" by Karuta Roromiya (Kana Hanazawa) (ep 6)', '#7: ""Taiyou to Tsuki (太陽と月)"" by Renshou Sorinozuka (Yoshimasa Hosoya) & Nobara Yukinokouji (Youko Hikasa) (ep 7)']",24.0,2012.0
2104,Seto no Hanayome,My Bride is a Mermaid,瀬戸の花嫁,The Inland Sea Bride,https://myanimelist.cdn-dena.com/images/anime/13/58383.jpg,TV,Manga,26,Finished Airing,False,"Apr 2, 2007 to Oct 1, 2007","{'from': '2007-04-02', 'to': '2007-10-01'}",24 min. per ep.,PG-13 - Teens 13 or older,7.89,91206,727.0,366,204003,2579,,Spring 2007,Unknown,"{'Adaptation': [{'mal_id': 759, 'type': 'manga', 'url': 'https://myanimelist.net/manga/759/Seto_no_Hanayome', 'title': 'Seto no Hanayome'}], 'Sequel': [{'mal_id': 4163, 'type': 'anime', 'url': 'https://myanimelist.net/anime/4163/Seto_no_Hanayome_OVA', 'title': 'Seto no Hanayome OVA'}], 'Side story': [{'mal_id': 5199, 'type': 'anime', 'url': 'https://myanimelist.net/anime/5199/Seto_no_Hanayome_Fan_Disc', 'title': 'Seto no Hanayome Fan Disc'}], 'Alternative version': [{'mal_id': 28385, 'type': 'anime', 'url': 'https://myanimelist.net/anime/28385/Seto_no_Hanayome_Picture_Drama', 'title': 'Seto no Hanayome Picture Drama'}]}","TV Tokyo, AIC, Square Enix, Sotsu",Funimation,Gonzo,"Comedy, Parody, Romance, School, Shounen","['""Romantic summer"" by SUN&LUNAR']","['#1: ""Ashita e no Hikari (明日への光)"" by Asuka Hinoi (1-13, 26)', '#2: ""Dan Dan Dan"" by SUN&LUNAR (eps 14-25)']",24.0,2007.0
5262,Shugo Chara!! Doki,Shugo Chara!! Doki,しゅごキャラ！！どきっ,"Shugo Chara Ninenme, Shugo Chara! Second Year",https://myanimelist.cdn-dena.com/images/anime/11/10645.jpg,TV,Manga,51,Finished Airing,False,"Oct 4, 2008 to Sep 25, 2009","{'from': '2008-10-04', 'to': '2009-09-25'}",24 min. per ep.,PG - Children,7.55,37129,1508.0,1173,70127,802,,Fall 2008,Unknown,"{'Adaptation': [{'mal_id': 101, 'type': 'manga', 'url': 'https://myanimelist.net/manga/101/Shugo_Chara', 'title': 'Shugo Chara!'}], 'Prequel': [{'mal_id': 2923, 'type': 'anime', 'url': 'https://myanimelist.net/anime/2923/Shugo_Chara', 'title': 'Shugo Chara!'}], 'Sequel': [{'mal_id': 7082, 'type': 'anime', 'url': 'https://myanimelist.net/anime/7082/Shugo_Chara_Party', 'title': 'Shugo Chara! Party!'}]}","TV Tokyo, Sotsu",,Satelight,"Comedy, Magic, School, Shoujo","['#1: ""Minna no Tamago (みんなのたまご)"" by Shugo Chara Egg (eps 1-13)', '#2: ""Shugo Shugo! (しゅごしゅご!)"" by Shugo Chara Egg (eps 14-25)', '#3: ""Omakase♪Guardian (おまかせ♪ガーディアン)"" by Guardians 4 (eps 26-38)', '#4: ""School Days"" by Guardians 4 (eps 39-51)']","['#1: ""Rottara Rottara (ロッタラ ロッタラ)"" by Buono! (eps 1-17)', '#2: ""co.no.mi.chi"" Buono! (eps 18-25)', '#3: ""MY BOY"" by Buono! (eps 26-38)', '#4: ""Take it Easy!"" by Buono! (eps. 39-50)', '#5: ""Honto no Jibun (ホントのじぶん)"" by Buono! (ep 51)']",24.0,2008.0
721,Princess Tutu,Princess Tutu,プリンセスチュチュ,,https://myanimelist.cdn-dena.com/images/anime/13/32209.jpg,TV,Original,38,Finished Airing,False,"Aug 16, 2002 to May 23, 2003","{'from': '2002-08-16', 'to': '2003-05-23'}",16 min. per ep.,PG-13 - Teens 13 or older,8.21,36501,307.0,916,93312,3344,"Princess Tutu aired in two parts. The first part included 13 25-minute-long episodes, while the second part consisted of 24 12-minute-long episodes with a 25-minute-long final episode for a total of 25 episodes.",Summer 2002,Fridays at Unknown,"{'Adaptation': [{'mal_id': 1581, 'type': 'manga', 'url': 'https://myanimelist.net/manga/1581/Princess_Tutu', 'title': 'Princess Tutu'}], 'Summary': [{'mal_id': 3265, 'type': 'anime', 'url': 'https://myanimelist.net/anime/3265/Princess_Tutu_Recaps', 'title': 'Princess Tutu Recaps'}]}","Memory-Tech, GANSIS, Marvelous AQL",ADV Films,Hal Film Maker,"Comedy, Drama, Magic, Romance, Fantasy","['""Morning Grace"" by Ritsuko Okazaki']","['""Watashi No Ai Wa Chiisaikeredo"" by Ritsuko Okazaki']",16.0,2002.0
12365,Bakuman. 3rd Season,Bakuman.,バクマン。,Bakuman Season 3,https://myanimelist.cdn-dena.com/images/anime/6/41845.jpg,TV,Manga,25,Finished Airing,False,"Oct 6, 2012 to Mar 30, 2013","{'from': '2012-10-06', 'to': '2013-03-30'}",24 min. per ep.,PG-13 - Teens 13 or older,8.67,107767,50.0,426,182765,2082,,Fall 2012,Unknown,"{'Adaptation': [{'mal_id': 9711, 'type': 'manga', 'url': 'https://myanimelist.net/manga/9711/Bakuman', 'title': 'Bakuman.'}], 'Prequel': [{'mal_id': 10030, 'type': 'anime', 'url': 'https://myanimelist.net/anime/10030/Bakuman_2nd_Season', 'title': 'Bakuman. 2nd Season'}, {'mal_id': 15711, 'type': 'anime', 'url': 'https://myanimelist.net/anime/15711/Bakuman__Deraman', 'title': 'Bakuman.: Deraman.'}], 'Other': [{'mal_id': 23361, 'type': 'anime', 'url': 'https://myanimelist.net/anime/23361/Bakuman_3rd_Season_Specials', 'title': 'Bakuman. 3rd Season Specials'}]}","NHK, Shueisha",,J.C.Staff,"Comedy, Drama, Romance, Shounen","['#1: ""Moshimo no Hanashi (もしもの話)"" by nano.RIPE (eps 1-13)', '#2: ""23:40 (23時40分) feat. Base Ball Bear"" by Hyadain (eps 14-25)']","['#1: ""Pride on Everyday"" by Sphere (eps 1-13)', '#2: ""Yume Sketch (夢スケッチ)"" by JAM Project (eps 14-24)', '#3: ""Moshimo no Hanashi (もしもの話)"" by nano.RIPE (ep 25)']",24.0,2012.0
6586,Yume-iro Pâtissière,,夢色パティシエール,"Yumeiro Patissiere, YumePati, Dream-Colored Pastry Chef, Yumeiro Pâtissière",https://myanimelist.cdn-dena.com/images/anime/12/21674.jpg,TV,Manga,50,Finished Airing,False,"Oct 4, 2009 to Sep 26, 2010","{'from': '2009-10-04', 'to': '2010-09-26'}",24 min. per ep.,G - All Ages,8.03,21618,526.0,1630,45625,826,,Fall 2009,Unknown,"{'Adaptation': [{'mal_id': 10386, 'type': 'manga', 'url': 'https://myanimelist.net/manga/10386/Yume-iro_Pâtissière', 'title': 'Yume-iro Pâtissière'}], 'Side story': [{'mal_id': 8894, 'type': 'anime', 'url': 'https://myanimelist.net/anime/8894/Yume-iro_Pâtissière__Mune_Kyun_Tropical_Island', 'title': 'Yume-iro Pâtissière: Mune Kyun Tropical Island!'}], 'Sequel': [{'mal_id': 9441, 'type': 'anime', 'url': 'https://myanimelist.net/anime/9441/Yume-iro_Pâtissière_SP_Professional', 'title': 'Yume-iro Pâtissière SP Professional'}]}","Yomiuri Telecasting, DAX Production, Shueisha",,"Studio Pierrot, Studio Hibari","Kids, School, Shoujo","['""Yume ni Yell! Patissiere♪ (夢にエール！パティシエール♪)"" by Mayumi Gojou']","['""Ichigo no Miracle (いちごのミラクルール)"" by Yukina Sugihara']",24.0,2009.0
178,Ultra Maniac,Ultramaniac - Magical Girl,ウルトラマニアック,,https://myanimelist.cdn-dena.com/images/anime/8/53571.jpg,TV,Manga,26,Finished Airing,False,"May 20, 2003 to Nov 11, 2003","{'from': '2003-05-20', 'to': '2003-11-11'}",24 min. per ep.,G - All Ages,7.26,9663,2594.0,2490,22778,122,,Spring 2003,Tuesdays at 22:00 (JST),"{'Adaptation': [{'mal_id': 956, 'type': 'manga', 'url': 'https://myanimelist.net/manga/956/Ultra_Maniac', 'title': 'Ultra Maniac'}], 'Alternative version': [{'mal_id': 179, 'type': 'anime', 'url': 'https://myanimelist.net/anime/179/Ultra_Maniac_OVA', 'title': 'Ultra Maniac OVA'}]}","WAO World, Studio Jack","Discotek Media, Geneon Entertainment USA",Production Reed,"Magic, Comedy, Romance, School, Shoujo","['""Kagami no Naka"" by can/goo']","['""Hitotsu=Unmei Kyoudoutai"" by can/goo']",24.0,2003.0
2787,Shakugan no Shana II (Second),Shakugan no Shana: Season II,灼眼のシャナII –Second–,Shakugan no Shana 2,https://myanimelist.cdn-dena.com/images/anime/10/18669.jpg,TV,Light novel,24,Finished Airing,False,"Oct 5, 2007 to Mar 28, 2008","{'from': '2007-10-05', 'to': '2008-03-28'}",24 min. per ep.,PG-13 - Teens 13 or older,7.72,126085,1066.0,332,220591,1075,,Fall 2007,Fridays at 01:25 (JST),"{'Adaptation': [{'mal_id': 3074, 'type': 'manga', 'url': 'https://myanimelist.net/manga/3074/Shakugan_no_Shana', 'title': 'Shakugan no Shana'}], 'Prequel': [{'mal_id': 355, 'type': 'anime', 'url': 'https://myanimelist.net/anime/355/Shakugan_no_Shana', 'title': 'Shakugan no Shana'}], 'Spin-off': [{'mal_id': 3956, 'type': 'anime', 'url': 'https://myanimelist.net/anime/3956/Shakugan_no_Shana_II_Second_Specials', 'title': 'Shakugan no Shana II (Second) Specials'}, {'mal_id': 14957, 'type': 'anime', 'url': 'https://myanimelist.net/anime/14957/Shakugan_no_Shana__Friagne_to_Marianne_no_Naze_Nani_Shana_Nandemo_Shitsumonbako_2', 'title': 'Shakugan no Shana: Friagne to Marianne no Naze Nani Shana! Nandemo Shitsumonbako! 2'}], 'Sequel': [{'mal_id': 6572, 'type': 'anime', 'url': 'https://myanimelist.net/anime/6572/Shakugan_no_Shana_S', 'title': 'Shakugan no Shana S'}]}","Geneon Universal Entertainment, ASCII Media Works",Funimation,J.C.Staff,"Action, Drama, Fantasy, Romance, School, Supernatural","['#1: ""JOINT"" by Mami Kawada (eps 1-15)', '#2: ""BLAZE"" by KOTOKO (16-24)']","['#1: ""Triangle"" by Kawada Mami (eps 1-15)', '#2: ""Sociometry"" by KOTOKO (eps 16-23)', '#3: ""Sense"" by Kawada Mami (ep 24)']",24.0,2007.0
4477,Nodame Cantabile: Paris-hen,,のだめカンタービレ 巴里編,"Nodame Cantabile Paris Chapter, Nodame Cantabile Pari-hen",https://myanimelist.cdn-dena.com/images/anime/4/11918.jpg,TV,Manga,11,Finished Airing,False,"Oct 10, 2008 to Dec 19, 2008","{'from': '2008-10-10', 'to': '2008-12-19'}",23 min. per ep.,PG-13 - Teens 13 or older,8.24,53908,281.0,988,85660,282,,Fall 2008,Fridays at 00:45 (JST),"{'Adaptation': [{'mal_id': 419, 'type': 'manga', 'url': 'https://myanimelist.net/manga/419/Nodame_Cantabile', 'title': 'Nodame Cantabile'}], 'Prequel': [{'mal_id': 1698, 'type': 'anime', 'url': 'https://myanimelist.net/anime/1698/Nodame_Cantabile', 'title': 'Nodame Cantabile'}], 'Other': [{'mal_id': 5656, 'type': 'anime', 'url': 'https://myanimelist.net/anime/5656/PuriGorota__Uchuu_no_Yuujou_Daibouken', 'title': 'PuriGorota: Uchuu no Yuujou Daibouken'}], 'Side story': [{'mal_id': 6187, 'type': 'anime', 'url': 'https://myanimelist.net/anime/6187/Nodame_Cantabile_OVA', 'title': 'Nodame Cantabile OVA'}], 'Sequel': [{'mal_id': 8038, 'type': 'anime', 'url': 'https://myanimelist.net/anime/8038/Nodame_Cantabile_Finale_Special', 'title': 'Nodame Cantabile Finale Special'}]}","Fuji TV, Asmik Ace Entertainment, Sony Music Entertainment",,J.C.Staff,"Music, Slice of Life, Comedy, Romance, Josei","['""Sky High!"" by The Gospellers']","['""東京 et 巴里 (Tokyo and Paris)"" by Emiri Miyamoto x Solita']",23.0,2008.0
853,Ouran Koukou Host Club,Ouran High School Host Club,桜蘭高校ホスト部,"Ohran Koko Host Club, Ouran Koukou Hosutobu, Ouran Koukou Host Bu, OHSHC",https://myanimelist.cdn-dena.com/images/anime/2/71992.jpg,TV,Manga,26,Finished Airing,False,"Apr 5, 2006 to Sep 27, 2006","{'from': '2006-04-05', 'to': '2006-09-27'}",23 min. per ep.,PG-13 - Teens 13 or older,8.34,335137,205.0,69,538843,24072,,Spring 2006,Wednesdays at 00:50 (JST),"{'Adaptation': [{'mal_id': 30, 'type': 'manga', 'url': 'https://myanimelist.net/manga/30/Ouran_Koukou_Host_Club', 'title': 'Ouran Koukou Host Club'}]}","VAP, Hakusensha, Nippon Television Network",Funimation,Bones,"Comedy, Harem, Romance, School, Shoujo","['""Sakura Kiss"" by Chieko Kawabe']","['""Shissou"" by Last Alliance']",23.0,2006.0
4814,Junjou Romantica 2,Junjo Romantica 2,純情ロマンチカ2(に),"Junjou Romantica Second Season, Junjyou Romantica II",https://myanimelist.cdn-dena.com/images/anime/6/38417.jpg,TV,Manga,12,Finished Airing,False,"Oct 12, 2008 to Dec 28, 2008","{'from': '2008-10-12', 'to': '2008-12-28'}",24 min. per ep.,PG-13 - Teens 13 or older,8.15,66565,374.0,799,108186,1123,,Fall 2008,Unknown,"{'Adaptation': [{'mal_id': 765, 'type': 'manga', 'url': 'https://myanimelist.net/manga/765/Junjou_Romantica', 'title': 'Junjou Romantica'}], 'Prequel': [{'mal_id': 3092, 'type': 'anime', 'url': 'https://myanimelist.net/anime/3092/Junjou_Romantica', 'title': 'Junjou Romantica'}], 'Sequel': [{'mal_id': 25649, 'type': 'anime', 'url': 'https://myanimelist.net/anime/25649/Junjou_Romantica_3', 'title': 'Junjou Romantica 3'}]}","Frontier Works, Kadokawa Shoten, Memory-Tech, Romantica club !!",Nozomi Entertainment,Studio Deen,"Comedy, Drama, Romance, Shounen Ai","['""Shōdō (衝動)"" by Pigstar']","['""Aioi (相生-アイオイ-)"" by JUNED']",24.0,2008.0
7054,Kaichou wa Maid-sama!,Maid Sama!,会長はメイド様!,Class President is a Maid!,https://myanimelist.cdn-dena.com/images/anime/6/25254.jpg,TV,Manga,26,Finished Airing,False,"Apr 2, 2010 to Sep 24, 2010","{'from': '2010-04-02', 'to': '2010-09-24'}",24 min. per ep.,PG-13 - Teens 13 or older,8.2,315130,314.0,71,531292,14436,,Spring 2010,Fridays at 01:55 (JST),"{'Adaptation': [{'mal_id': 2921, 'type': 'manga', 'url': 'https://myanimelist.net/manga/2921/Kaichou_wa_Maid-sama', 'title': 'Kaichou wa Maid-sama!'}], 'Side story': [{'mal_id': 9366, 'type': 'anime', 'url': 'https://myanimelist.net/anime/9366/Kaichou_wa_Maid-sama__Omake_dayo', 'title': 'Kaichou wa Maid-sama!: Omake dayo!'}, {'mal_id': 10298, 'type': 'anime', 'url': 'https://myanimelist.net/anime/10298/Kaichou_wa_Maid-sama__Goshujinsama_to_Asonjao♥', 'title': 'Kaichou wa Maid-sama!: Goshujinsama to Asonjao♥'}]}","Geneon Universal Entertainment, TBS, Hakusensha, Half H.P Studio",Sentai Filmworks,J.C.Staff,"Comedy, Romance, School, Shoujo","['""My Secret"" by Saaya Mizuno (水野佐彩)']","['#1: ""Yokan (予感)"" by heidi. (eps 1-15)', '#2: ""∞ Loop (∞ループ)"" by heidi. (eps 16-26)']",24.0,2010.0
11123,Sekaiichi Hatsukoi 2,Sekai Ichi Hatsukoi - World&#039;s Greatest First Love 2,世界一初恋 2,"Sekai-ichi Hatsukoi 2, Sekai&#039;ichi Hatsukoi 2",https://myanimelist.cdn-dena.com/images/anime/8/34871.jpg,TV,Manga,12,Finished Airing,False,"Oct 8, 2011 to Dec 24, 2011","{'from': '2011-10-08', 'to': '2011-12-24'}",24 min. per ep.,PG-13 - Teens 13 or older,8.23,53285,288.0,945,89543,726,"An event to show ep.1 of season 2 (along with 1st OVA) happening on September 24, 2011.  Regular TV airing started on October 8, 2011.",Fall 2011,Unknown,"{'Adaptation': [{'mal_id': 10309, 'type': 'manga', 'url': 'https://myanimelist.net/manga/10309/Junjou_Mistake', 'title': 'Junjou Mistake'}, {'mal_id': 10573, 'type': 'manga', 'url': 'https://myanimelist.net/manga/10573/Sekaiichi_Hatsukoi__Onodera_Ritsu_no_Baai', 'title': 'Sekaiichi Hatsukoi: Onodera Ritsu no Baai'}], 'Prequel': [{'mal_id': 9926, 'type': 'anime', 'url': 'https://myanimelist.net/anime/9926/Sekaiichi_Hatsukoi', 'title': 'Sekaiichi Hatsukoi'}]}","Lantis, Kadokawa Shoten, AT-X, KlockWorx",Funimation,Studio Deen,"Comedy, Drama, Romance, Shounen Ai","['""Sekai no Hate ni Kimi ga Itemo"" (世界の果てに君がいても) by Shuhei Kita']","['""Aikotoba"" (アイコトバ) by Sakura Merry-Men']",24.0,2011.0
14227,Tonari no Kaibutsu-kun,My Little Monster,となりの怪物くん,"Tonari no Kaibutsukun, The Monster Next Door, My Neighbor Monster-kun",https://myanimelist.cdn-dena.com/images/anime/4/39779.jpg,TV,Manga,13,Finished Airing,False,"Oct 2, 2012 to Dec 25, 2012","{'from': '2012-10-02', 'to': '2012-12-25'}",24 min. per ep.,PG-13 - Teens 13 or older,7.71,281448,1093.0,88,482105,4064,,Fall 2012,Tuesdays at Unknown,"{'Adaptation': [{'mal_id': 13702, 'type': 'manga', 'url': 'https://myanimelist.net/manga/13702/Tonari_no_Kaibutsu-kun', 'title': 'Tonari no Kaibutsu-kun'}], 'Alternative setting': [{'mal_id': 16866, 'type': 'anime', 'url': 'https://myanimelist.net/anime/16866/Tonari_no_Kaibutsu-kun__Tonari_no_Gokudou-kun', 'title': 'Tonari no Kaibutsu-kun: Tonari no Gokudou-kun'}]}","TV Tokyo, Aniplex, Nihon Ad Systems, Kodansha","NIS America, Inc.",Brain&#039;s Base,"Slice of Life, Comedy, Romance, School, Shoujo","['""Q&A Recital! (Q&A リサイタル!)"" by Haruka Tomatsu']","['""White Wishes"" by 9nine']",24.0,2012.0
269,Bleach,Bleach,BLEACH - ブリーチ -,,https://myanimelist.cdn-dena.com/images/anime/3/40451.jpg,TV,Manga,366,Finished Airing,False,"Oct 5, 2004 to Mar 27, 2012","{'from': '2004-10-05', 'to': '2012-03-27'}",24 min. per ep.,PG-13 - Teens 13 or older,7.9,433097,693.0,18,819284,40718,"Bleach adapts the first 54 volumes of Tite Kubo&#039;s manga series of the same name. In addition, 4 anime-original arcs were broadcast in-between and during the adaptations of original arcs of the manga.",Fall 2004,Tuesdays at 18:00 (JST),"{'Adaptation': [{'mal_id': 12, 'type': 'manga', 'url': 'https://myanimelist.net/manga/12/Bleach', 'title': 'Bleach'}], 'Side story': [{'mal_id': 762, 'type': 'anime', 'url': 'https://myanimelist.net/anime/762/Bleach__Memories_in_the_Rain', 'title': 'Bleach: Memories in the Rain'}, {'mal_id': 834, 'type': 'anime', 'url': 'https://myanimelist.net/anime/834/Bleach__The_Sealed_Sword_Frenzy', 'title': 'Bleach: The Sealed Sword Frenzy'}, {'mal_id': 1686, 'type': 'anime', 'url': 'https://myanimelist.net/anime/1686/Bleach_Movie_1__Memories_of_Nobody', 'title': 'Bleach Movie 1: Memories of Nobody'}, {'mal_id': 2889, 'type': 'anime', 'url': 'https://myanimelist.net/anime/2889/Bleach_Movie_2__The_DiamondDust_Rebellion_-_Mou_Hitotsu_no_Hyourinmaru', 'title': 'Bleach Movie 2: The DiamondDust Rebellion - Mou Hitotsu no Hyourinmaru'}, {'mal_id': 4835, 'type': 'anime', 'url': 'https://myanimelist.net/anime/4835/Bleach_Movie_3__Fade_to_Black_-_Kimi_no_Na_wo_Yobu', 'title': 'Bleach Movie 3: Fade to Black - Kimi no Na wo Yobu'}, {'mal_id': 8247, 'type': 'anime', 'url': 'https://myanimelist.net/anime/8247/Bleach_Movie_4__Jigoku-hen', 'title': 'Bleach Movie 4: Jigoku-hen'}, {'mal_id': 35118, 'type': 'anime', 'url': 'https://myanimelist.net/anime/35118/Bleach_Colorful__Gotei_Juusan_Yatai_Daisakusen', 'title': 'Bleach Colorful!: Gotei Juusan Yatai Daisakusen!'}]}","TV Tokyo, Aniplex, Dentsu, TV Tokyo Music, Studio Kelmadick, Shueisha",Viz Media,Studio Pierrot,"Action, Adventure, Comedy, Super Power, Supernatural, Shounen","['#01: ""*~Asterisk~ (*～アスタリスク～)"" by Orange Range (eps 1-25)', '#02: ""D-tecnolife"" by UVERworld (eps 26-51)', '#03: ""Ichirin no Hana (一輪の花)"" by High and Mighty Color (eps 52-74)', '#04: ""Tonight, Tonight, Tonight"" by Beat Crusaders (eps 75-97)', '#05: ""Rolling star"" by YUI (eps 98-120)', '#06: ""ALONES"" by Aqua Timez (eps 121-143)', '#07: ""After Dark (アフターダーク)"" by Asian Kung-Fu Generation (eps 144-167)', '#08: ""CHU-BURA"" by Kelun (eps 168-189)', '#09: ""Velonica"" by Aqua Timez (eps 190-214)', '#10: ""Shoujo S (少女S)"" by Scandal (eps 215-242)', '#11: ""Anima Rossa (アニマロッサ)"" by Porno Graffitti (eps 243-265)', '#12: ""chAngE"" by miwa (eps 266-291)', '#13: ""Ranbu no Melody (乱舞のメロディ)"" by SID (eps 292-316)', '#14: ""BLUE"" by ViViD (eps 317-342)', '#15: ""HARUKAZE"" by Scandal (eps 343-366)']","['#01: ""Life is Like a Boat"" by Rie Fu (eps 1-13)', '#02: ""Thank You!! (サンキュー!!)"" by HOME MADE KAZOKU (eps 14-25)', '#03: ""Houkiboshi (ほうき星)"" by Younha (eps 26-38)', '#04: ""Happy People"" by Skoop on Somebody (eps 39-51)', '#05: ""Life"" by YUI (eps 52-63)', '#06: ""My Pace (マイペース)"" by SunSet Swish (eps 64-74)', '#07: ""Hanabi"" by Ikimonogakari (eps 75-86)', '#08: ""MOVIN!!"" by Takacha (eps 87-97)', '#09: ""Baby It&#039;s You"" by JUNE (eps 98-109)', '#10: ""Sakura Biyori (桜日和)"" by Mai Hoshimura (eps 110-120)', '#11: ""Tsumasaki (爪先)"" by Ore Ska Band (eps 121-131)', '#12: ""Daidai (橙)"" by chatmonchy (eps 132-143)', '#13: ""Tane wo Maku Hibi (種をまく日々)"" by Atari Kousuke (eps 144-154)', '#14: ""Kansha. (感謝.)"" by RSP a.k.a Real Street Project (eps 155-167)', '#15: ""Orange (オレンジ)"" by Lil&#039;B a.k.a MIE&AILA (eps 168-179)', '#16: ""Gallop (ギャロップ)"" by pe&#039;zmoku (eps 180-189)', '#17: ""Hitohira no Hanabira (ヒトヒラのハナビラ)"" by STEREOPONY (eps 190-201)', '#18: ""Sky Chord ~Otona ni Naru Kimi he~ (Sky chord~大人になる君へ~)"" by Tsuji Shion (eps 202-214)', '#19: ""Kimi wo Mamotte, Kimi wo Aishite (君を守って, 君を愛して)"" by Sambomaster (eps 215-229)', '#20: ""Mad Surfer"" by Kenichi Asai (eps 230-242)', '#21: ""Sakurabito (さくらびと)"" by SunSet Swish (eps 243-255)', '#22: ""Tabidatsu Kimi e (旅立つキミへ)"" by RSP (eps 256-265)', '#23: ""Stay Beautiful"" by Diggy-MO&#039; (eps 266-278)', '#24: ""Echoes"" by universe (eps 279-291)', '#25: ""Last Moment"" by SPYAIR (eps 292-303)', '#26: ""Song for..."" by ROOKiEZ is PUNK’D (eps 304-316)', '#27: ""Aoi Tori (アオイトリ)"" by fumika (eps 317-329)', '#28: ""Haruka Kanata (ハルカカナタ)"" by UNLIMITS (eps 330-342)', '#29: ""Re:pray"" by Aimer (eps 343-354)', '#30: ""Mask"" by Aqua Timez (eps 355-366)']",24.0,2004.0
59,Chobits,Chobits,ちょびっツ,,https://myanimelist.cdn-dena.com/images/anime/4/24648.jpg,TV,Manga,26,Finished Airing,False,"Apr 3, 2002 to Sep 25, 2002","{'from': '2002-04-03', 'to': '2002-09-25'}",24 min. per ep.,PG-13 - Teens 13 or older,7.53,175388,1546.0,188,317641,3271,"The original episodes 9 and 18 are ""recap"" episodes, summarizing previous events. These episodes were re-numbered for the DVD release as episodes 8.5 and 16.5, respectively, and removed from their original sequence by being published together on the final DVD.(Source: Wikipedia)",Spring 2002,Wednesdays at 02:20 (JST),"{'Adaptation': [{'mal_id': 107, 'type': 'manga', 'url': 'https://myanimelist.net/manga/107/Chobits', 'title': 'Chobits'}], 'Side story': [{'mal_id': 596, 'type': 'anime', 'url': 'https://myanimelist.net/anime/596/Chobits__Chibits', 'title': 'Chobits: Chibits'}], 'Summary': [{'mal_id': 1311, 'type': 'anime', 'url': 'https://myanimelist.net/anime/1311/Chobits_Recap', 'title': 'Chobits Recap'}]}","TBS, Pioneer LDC","Funimation, Geneon Entertainment USA",Madhouse,"Sci-Fi, Comedy, Drama, Romance, Ecchi, Seinen","['""Let Me Be With You"" by ROUND TABLE feat. Nino']","['#1: ""Raison d&#039;Être"" by Rie Tanaka (eps 1-12)', '#2: ""Ningyohime"" by Rie Tanaka (eps 13-25)', '#3: ""Katakoto no Koi (duet ver.)"" by Rie Tanaka and Tomokazu Sugita (ep 26)']",24.0,2002.0
6045,Kimi ni Todoke,Kimi ni Todoke: From Me to You,君に届け,Reaching You,https://myanimelist.cdn-dena.com/images/anime/7/17890.jpg,TV,Manga,25,Finished Airing,False,"Oct 7, 2009 to Mar 31, 2010","{'from': '2009-10-07', 'to': '2010-03-31'}",22 min. per ep.,PG-13 - Teens 13 or older,8.13,212710,400.0,111,417136,8041,,Fall 2009,Wednesdays at 00:59 (JST),"{'Adaptation': [{'mal_id': 3378, 'type': 'manga', 'url': 'https://myanimelist.net/manga/3378/Kimi_ni_Todoke', 'title': 'Kimi ni Todoke'}], 'Sequel': [{'mal_id': 9656, 'type': 'anime', 'url': 'https://myanimelist.net/anime/9656/Kimi_ni_Todoke_2nd_Season', 'title': 'Kimi ni Todoke 2nd Season'}], 'Summary': [{'mal_id': 10152, 'type': 'anime', 'url': 'https://myanimelist.net/anime/10152/Kimi_ni_Todoke_2nd_Season__Kataomoi', 'title': 'Kimi ni Todoke 2nd Season: Kataomoi'}]}","VAP, Nippon Television Network, Shueisha","NIS America, Inc.",Production I.G,"Slice of Life, Drama, Romance, School, Shoujo","['""Kimi ni Todoke (きみにとどけ)"" by Tanizawa Tomofumi']","['""Kataomoi (片想い)"" by Chara']",22.0,2009.0
1735,Naruto: Shippuuden,Naruto: Shippuden,ナルト- 疾風伝,Naruto Hurricane Chronicles,https://myanimelist.cdn-dena.com/images/anime/5/17407.jpg,TV,Manga,500,Finished Airing,False,"Feb 15, 2007 to Mar 23, 2017","{'from': '2007-02-15', 'to': '2017-03-23'}",23 min. per ep.,PG-13 - Teens 13 or older,8.18,385179,337.0,20,794112,42846,,Winter 2007,Thursdays at 19:30 (JST),"{'Adaptation': [{'mal_id': 11, 'type': 'manga', 'url': 'https://myanimelist.net/manga/11/Naruto', 'title': 'Naruto'}, {'mal_id': 86129, 'type': 'manga', 'url': 'https://myanimelist.net/manga/86129/Naruto_Hiden_Series', 'title': 'Naruto Hiden Series'}, {'mal_id': 90531, 'type': 'manga', 'url': 'https://myanimelist.net/manga/90531/Naruto_Shinden_Series', 'title': 'Naruto Shinden Series'}], 'Prequel': [{'mal_id': 20, 'type': 'anime', 'url': 'https://myanimelist.net/anime/20/Naruto', 'title': 'Naruto'}], 'Side story': [{'mal_id': 2472, 'type': 'anime', 'url': 'https://myanimelist.net/anime/2472/Naruto__Shippuuden_Movie_1', 'title': 'Naruto: Shippuuden Movie 1'}, {'mal_id': 4437, 'type': 'anime', 'url': 'https://myanimelist.net/anime/4437/Naruto__Shippuuden_Movie_2_-_Kizuna', 'title': 'Naruto: Shippuuden Movie 2 - Kizuna'}, {'mal_id': 6325, 'type': 'anime', 'url': 'https://myanimelist.net/anime/6325/Naruto__Shippuuden_Movie_3_-_Hi_no_Ishi_wo_Tsugu_Mono', 'title': 'Naruto: Shippuuden Movie 3 - Hi no Ishi wo Tsugu Mono'}, {'mal_id': 8246, 'type': 'anime', 'url': 'https://myanimelist.net/anime/8246/Naruto__Shippuuden_Movie_4_-_The_Lost_Tower', 'title': 'Naruto: Shippuuden Movie 4 - The Lost Tower'}, {'mal_id': 10589, 'type': 'anime', 'url': 'https://myanimelist.net/anime/10589/Naruto__Shippuuden_Movie_5_-_Blood_Prison', 'title': 'Naruto: Shippuuden Movie 5 - Blood Prison'}, {'mal_id': 13667, 'type': 'anime', 'url': 'https://myanimelist.net/anime/13667/Naruto__Shippuuden_Movie_6_-_Road_to_Ninja', 'title': 'Naruto: Shippuuden Movie 6 - Road to Ninja'}, {'mal_id': 16870, 'type': 'anime', 'url': 'https://myanimelist.net/anime/16870/The_Last__Naruto_the_Movie', 'title': 'The Last: Naruto the Movie'}, {'mal_id': 32365, 'type': 'anime', 'url': 'https://myanimelist.net/anime/32365/Boruto__Naruto_the_Movie_-_Naruto_ga_Hokage_ni_Natta_Hi', 'title': 'Boruto: Naruto the Movie - Naruto ga Hokage ni Natta Hi'}], 'Spin-off': [{'mal_id': 4134, 'type': 'anime', 'url': 'https://myanimelist.net/anime/4134/Naruto_Shippuuden__Shippuu_Konoha_Gakuen_Den', 'title': 'Naruto Shippuuden: Shippuu! ""Konoha Gakuen"" Den'}, {'mal_id': 12979, 'type': 'anime', 'url': 'https://myanimelist.net/anime/12979/Naruto_SD__Rock_Lee_no_Seishun_Full-Power_Ninden', 'title': 'Naruto SD: Rock Lee no Seishun Full-Power Ninden'}], 'Other': [{'mal_id': 10075, 'type': 'anime', 'url': 'https://myanimelist.net/anime/10075/Naruto_x_UT', 'title': 'Naruto x UT'}, {'mal_id': 19511, 'type': 'anime', 'url': 'https://myanimelist.net/anime/19511/Naruto_Shippuuden__Sunny_Side_Battle', 'title': 'Naruto Shippuuden: Sunny Side Battle'}], 'Sequel': [{'mal_id': 28755, 'type': 'anime', 'url': 'https://myanimelist.net/anime/28755/Boruto__Naruto_the_Movie', 'title': 'Boruto: Naruto the Movie'}, {'mal_id': 34566, 'type': 'anime', 'url': 'https://myanimelist.net/anime/34566/Boruto__Naruto_Next_Generations', 'title': 'Boruto: Naruto Next Generations'}]}","TV Tokyo, Aniplex, KSS, Rakuonsha, TV Tokyo Music, Shueisha",Viz Media,Studio Pierrot,"Action, Adventure, Comedy, Super Power, Martial Arts, Shounen","['#01: ""Hero&#039;s Come Back"" by Nobodyknows+ (eps 1-30)', '#02: ""distance"" by LONG SHOT PARTY (eps 31-53)', '#03: ""Blue Bird (ブルーバード)"" by Ikimonogakari (eps 54-77)', '#04: ""CLOSER"" by Inoue Joe (eps 78-102)', '#05: ""Hotaru no Hikari (ホタルノヒカリ)"" by Ikimonogakari (eps 103-128)', '#06: ""Sign"" by FLOW (eps 129-153)', '#07: ""Toumei Datta Sekai (透明だった世界)"" by Motohiro Hata (eps 154-179)', '#08: ""Diver"" by NICO Touches the Walls (eps 180-205)', '#09: ""Lovers (ラヴァーズ)"" by 7!! (eps 206-230)', '#10: ""newsong"" by tacica (eps 231-256)', '#11: ""Totsugeki Rock (突撃ロック)"" by THE CRO-MAGNONS (eps 257-281)', '#12: ""Moshimo"" by Daisuke (eps 282-306)', '#13: ""Niwaka Ame Nimo Makezu (ニワカ雨ニモ負ケズ)"" by NICO Touches the Walls (eps 307-332)', '#14: ""Tsuki no Ookisa (月の大きさ)"" by Nogizaka46 (eps 333-356)', '#15: ""Guren"" by DOES (eps 357-379)', '#16: ""Silhouette (シルエット)"" by KANA-BOON (eps 380-405)', '#17: ""Kaze (風)"" by Yamazaru (eps 406-431)', '#18: ""LINE"" by Sukima Switch (eps 432-458)', '#19: ""Blood Circulator (ブラッドサーキュレーター)"" by Asian Kung-Fu Generation (eps 459-479)', '#20: ""Kara no Kokoro (カラノココロ)"" by Anly (eps 480-500)']","['#01: ""Nagare Boshi ~Shooting Star~ (流れ星〜Shooting Star〜)"" by HOME MADE Kazoku (eps 1-18)', '#02: ""Michi ~to you all (道 〜to you all)"" by aluto (eps 19-30)', '#03: ""KIMI MONOGATARI (キミモノガタリ)"" by little by little (eps 31-41)', '#04: ""Mezamero! Yasei (目覚めろ!野性)"" by MATCHY with QUESTION? (eps 42-52)', '#05: ""Sunao na Niji (素直な虹)"" by surface (eps 54-63)', '#06: ""BROKEN YOUTH"" by Nico Touches the Walls (eps 64-77)', '#07: ""Long Kiss Goodbye"" by HALCALI (eps 78-90)', '#08: ""BACCHIKOI!!! (バッチコイ!!!)"" by DEV PARADE (eps 91-102)', '#09: ""Shinkokyuu (深呼吸)"" by SUPER BEAVER (eps 103-115)', '#10: ""My ANSWER"" by SEAMO (eps 116-128)', '#11: ""Omae Dattanda (おまえだったんだ)"" by Kishidan (eps 129-141)', '#12: ""For You"" by AZU (eps 142-153)', '#13: ""Jitensha (自転車)"" by OreSkaBand (eps 154-166)', '#14: ""Utakata Hanabi (うたかた花火)"" by supercell (eps 167-179)', '#15: ""U can do it!"" by DOMINO (eps 180-192)', '#16: ""Mayonaka no Orchestra (真夜中のオーケストラ)"" by Aqua Timez (eps 193-205)', '#17: ""FREEDOM"" by HOME MADE Kazoku (eps 206-218)', '#18: ""Yokubou o Sakebe!!!! (欲望を叫べ!!!!)"" by OKAMOTO&#039;S (eps 219-230)', '#19: ""Place to Try"" by TOTALFAT (eps 231-242)', '#20: ""By My Side (バイマイサイド)"" by Hemenway (eps 243-256)', '#21: ""Cascade (カスケード)"" by UNLIMITS (eps 257-268)', '#22: ""Kono Koe Karashite (この声枯らしてfeat. CHEHON)"" by AISHA feat. CHEHON (eps 269-281)', '#23: ""MOTHER"" by MUCC (eps 282-295)', '#24: ""Sayonara Memory (さよならメモリー)"" by 7!! (eps 296-306)', '#25: ""I Can Hear"" by DISH// (eps 307-319)', '#26: ""Yume wo Daite ~Hajimari no Crissroad~ (夢を抱いて〜はじまりのクリスロード〜)"" by Rake (eps 320-332)', '#27: ""Black Night Town (ブラックナイトタウン)"" by Akihisa Kondou (eps 333-343)', '#28: ""Niji (虹)"" by Shinkuu Horou (真空ホロウ) (eps 344-356)', '#29: ""FLAME"" by DISH// (eps 357-366)', '#30: ""Never Change feat.Lyu:Lyu"" by SHUN (eps 367-379)', '#31: ""Dame Dame da (だめだめだ)"" by Shiori Tomita (eps 380-393)', '#32: ""Spinning World"" by Diana Garnet (eps 394-405)', '#33: ""Kotoba no Iranai Yakusoku (言葉のいらない約束)"" by sana (eps 406-417)', '#34: ""Niji no Sora (虹の空)"" by FLOW (eps 418-431)', '#35: ""Trouble Maker (トラブルメイカー)"" by KANIKAPILA (eps 432-443)', '#36: ""Sonna Kimi, Konna Boku (そんな君、こんな僕)"" by Thinking Dogs (eps 444-454)', '#37: ""Ao no Lullaby (青のララバイ)"" by Kuroneko Chelsea (eps 455-466)', '#38: ""Pino to Amélie (ピノとアメリ)"" by Huwie Ishizaki (eps 467-479)', '#39: ""Tabidachi no Uta (旅立ちの唄)"" by Ayumikurikamaki (eps 480-488)', '#40: ""Zetsu Zetsu (『絶絶（ぜつぜつ）)"" by Swimy (eps 489-500)']",23.0,2007.0